{
  "NDCG@1": 0.65517,
  "NDCG@5": 0.58354,
  "NDCG@10": 0.59237,
  "NDCG@25": 0.61738,
  "NDCG@50": 0.63723,
  "NDCG@100": 0.65435,
  "MAP@1": 0.26225,
  "MAP@5": 0.44062,
  "MAP@10": 0.47836,
  "MAP@25": 0.50012,
  "MAP@50": 0.50714,
  "MAP@100": 0.511,
  "Recall@1": 0.26225,
  "Recall@5": 0.5127,
  "Recall@10": 0.60628,
  "Recall@25": 0.70213,
  "Recall@50": 0.76139,
  "Recall@100": 0.82069,
  "P@1": 0.65517,
  "P@5": 0.35345,
  "P@10": 0.22845,
  "P@25": 0.1169,
  "P@50": 0.06569,
  "P@100": 0.0369,
  "MRR": 0.73469
}