{
  "NDCG@1": 0.33803,
  "NDCG@5": 0.2828,
  "NDCG@10": 0.30982,
  "NDCG@25": 0.34463,
  "NDCG@50": 0.36151,
  "NDCG@100": 0.36967,
  "MAP@1": 0.19249,
  "MAP@5": 0.24601,
  "MAP@10": 0.25783,
  "MAP@25": 0.26882,
  "MAP@50": 0.27166,
  "MAP@100": 0.27261,
  "Recall@1": 0.19249,
  "Recall@5": 0.2858,
  "Recall@10": 0.3615,
  "Recall@25": 0.48228,
  "Recall@50": 0.55798,
  "Recall@100": 0.59812,
  "P@1": 0.33803,
  "P@5": 0.11549,
  "P@10": 0.06831,
  "P@25": 0.03606,
  "P@50": 0.0207,
  "P@100": 0.01134,
  "MRR": 0.38614
}