{
  "NDCG@1": 0.33036,
  "NDCG@5": 0.33739,
  "NDCG@10": 0.33265,
  "NDCG@25": 0.33135,
  "NDCG@50": 0.41909,
  "NDCG@100": 0.46718,
  "MAP@1": 0.0157,
  "MAP@5": 0.05862,
  "MAP@10": 0.09289,
  "MAP@25": 0.14712,
  "MAP@50": 0.18776,
  "MAP@100": 0.20576,
  "Recall@1": 0.0157,
  "Recall@5": 0.09393,
  "Recall@10": 0.18635,
  "Recall@25": 0.35209,
  "Recall@50": 0.51573,
  "Recall@100": 0.6176,
  "P@1": 0.33036,
  "P@5": 0.33571,
  "P@10": 0.31964,
  "P@25": 0.25571,
  "P@50": 0.19464,
  "P@100": 0.11875,
  "MRR": 0.53599
}