{
  "NDCG@1": 0.375,
  "NDCG@5": 0.36591,
  "NDCG@10": 0.34568,
  "NDCG@25": 0.33338,
  "NDCG@50": 0.4163,
  "NDCG@100": 0.45352,
  "MAP@1": 0.02117,
  "MAP@5": 0.06844,
  "MAP@10": 0.09984,
  "MAP@25": 0.14985,
  "MAP@50": 0.18718,
  "MAP@100": 0.2007,
  "Recall@1": 0.02117,
  "Recall@5": 0.11152,
  "Recall@10": 0.18872,
  "Recall@25": 0.34368,
  "Recall@50": 0.50058,
  "Recall@100": 0.57941,
  "P@1": 0.375,
  "P@5": 0.35714,
  "P@10": 0.32143,
  "P@25": 0.24643,
  "P@50": 0.18571,
  "P@100": 0.10946,
  "MRR": 0.56734
}