{
  "NDCG@1": 0.41584,
  "NDCG@5": 0.4701,
  "NDCG@10": 0.49613,
  "NDCG@25": 0.51422,
  "NDCG@50": 0.52781,
  "NDCG@100": 0.54112,
  "MAP@1": 0.20127,
  "MAP@5": 0.33878,
  "MAP@10": 0.3783,
  "MAP@25": 0.40399,
  "MAP@50": 0.40969,
  "MAP@100": 0.41277,
  "Recall@1": 0.20127,
  "Recall@5": 0.46121,
  "Recall@10": 0.57925,
  "Recall@25": 0.67309,
  "Recall@50": 0.72535,
  "Recall@100": 0.77594,
  "P@1": 0.41584,
  "P@5": 0.26337,
  "P@10": 0.1901,
  "P@25": 0.10772,
  "P@50": 0.06376,
  "P@100": 0.03564,
  "MRR": 0.53798
}