{
  "NDCG@1": 0.43421,
  "NDCG@5": 0.4885,
  "NDCG@10": 0.51561,
  "NDCG@25": 0.53569,
  "NDCG@50": 0.54941,
  "NDCG@100": 0.55747,
  "MAP@1": 0.27381,
  "MAP@5": 0.43159,
  "MAP@10": 0.4476,
  "MAP@25": 0.45368,
  "MAP@50": 0.45638,
  "MAP@100": 0.45756,
  "Recall@1": 0.27381,
  "Recall@5": 0.55279,
  "Recall@10": 0.62813,
  "Recall@25": 0.7016,
  "Recall@50": 0.76081,
  "Recall@100": 0.79778,
  "P@1": 0.43421,
  "P@5": 0.2,
  "P@10": 0.11579,
  "P@25": 0.05158,
  "P@50": 0.02816,
  "P@100": 0.015,
  "MRR": 0.53117
}