{
  "NDCG@1": 0.38614,
  "NDCG@5": 0.48059,
  "NDCG@10": 0.49435,
  "NDCG@25": 0.51607,
  "NDCG@50": 0.53836,
  "NDCG@100": 0.55442,
  "MAP@1": 0.18568,
  "MAP@5": 0.3444,
  "MAP@10": 0.377,
  "MAP@25": 0.40449,
  "MAP@50": 0.41307,
  "MAP@100": 0.41735,
  "Recall@1": 0.18568,
  "Recall@5": 0.49764,
  "Recall@10": 0.58173,
  "Recall@25": 0.68975,
  "Recall@50": 0.76519,
  "Recall@100": 0.81587,
  "P@1": 0.38614,
  "P@5": 0.28317,
  "P@10": 0.19505,
  "P@25": 0.1105,
  "P@50": 0.06931,
  "P@100": 0.0404,
  "MRR": 0.52182
}