{
  "NDCG@1": 0.63107,
  "NDCG@5": 0.58279,
  "NDCG@10": 0.62492,
  "NDCG@25": 0.66969,
  "NDCG@50": 0.68258,
  "NDCG@100": 0.6863,
  "MAP@1": 0.21892,
  "MAP@5": 0.47105,
  "MAP@10": 0.52665,
  "MAP@25": 0.55237,
  "MAP@50": 0.55655,
  "MAP@100": 0.5571,
  "Recall@1": 0.21892,
  "Recall@5": 0.558,
  "Recall@10": 0.68051,
  "Recall@25": 0.81221,
  "Recall@50": 0.85864,
  "Recall@100": 0.87514,
  "P@1": 0.63107,
  "P@5": 0.37282,
  "P@10": 0.24369,
  "P@25": 0.11922,
  "P@50": 0.06311,
  "P@100": 0.03204,
  "MRR": 0.71846
}