{
  "NDCG@1": 0.5534,
  "NDCG@5": 0.53035,
  "NDCG@10": 0.58007,
  "NDCG@25": 0.62536,
  "NDCG@50": 0.63915,
  "NDCG@100": 0.65248,
  "MAP@1": 0.18381,
  "MAP@5": 0.41669,
  "MAP@10": 0.47666,
  "MAP@25": 0.50147,
  "MAP@50": 0.50578,
  "MAP@100": 0.50847,
  "Recall@1": 0.18381,
  "Recall@5": 0.5084,
  "Recall@10": 0.65269,
  "Recall@25": 0.78937,
  "Recall@50": 0.84005,
  "Recall@100": 0.89137,
  "P@1": 0.5534,
  "P@5": 0.34951,
  "P@10": 0.23398,
  "P@25": 0.11495,
  "P@50": 0.06117,
  "P@100": 0.03272,
  "MRR": 0.66454
}