{
  "NDCG@1": 0.31481,
  "NDCG@5": 0.31853,
  "NDCG@10": 0.34755,
  "NDCG@25": 0.39273,
  "NDCG@50": 0.41508,
  "NDCG@100": 0.42579,
  "MAP@1": 0.13647,
  "MAP@5": 0.22277,
  "MAP@10": 0.2547,
  "MAP@25": 0.28034,
  "MAP@50": 0.28724,
  "MAP@100": 0.28963,
  "Recall@1": 0.13647,
  "Recall@5": 0.30557,
  "Recall@10": 0.42015,
  "Recall@25": 0.57348,
  "Recall@50": 0.64764,
  "Recall@100": 0.6833,
  "P@1": 0.31481,
  "P@5": 0.1963,
  "P@10": 0.1463,
  "P@25": 0.08519,
  "P@50": 0.05241,
  "P@100": 0.02935,
  "MRR": 0.41161
}