{
  "NDCG@1": 0.24752,
  "NDCG@5": 0.29872,
  "NDCG@10": 0.31801,
  "NDCG@25": 0.35309,
  "NDCG@50": 0.37204,
  "NDCG@100": 0.39047,
  "MAP@1": 0.10741,
  "MAP@5": 0.20861,
  "MAP@10": 0.22995,
  "MAP@25": 0.25159,
  "MAP@50": 0.25788,
  "MAP@100": 0.26116,
  "Recall@1": 0.10741,
  "Recall@5": 0.29785,
  "Recall@10": 0.36694,
  "Recall@25": 0.49274,
  "Recall@50": 0.54725,
  "Recall@100": 0.62506,
  "P@1": 0.24752,
  "P@5": 0.1703,
  "P@10": 0.12673,
  "P@25": 0.07723,
  "P@50": 0.04812,
  "P@100": 0.02782,
  "MRR": 0.38373
}