{
  "NDCG@1": 0.31443,
  "NDCG@5": 0.32559,
  "NDCG@10": 0.34178,
  "NDCG@25": 0.36125,
  "NDCG@50": 0.37546,
  "NDCG@100": 0.38376,
  "MAP@1": 0.17299,
  "MAP@5": 0.29138,
  "MAP@10": 0.29944,
  "MAP@25": 0.30521,
  "MAP@50": 0.3079,
  "MAP@100": 0.30875,
  "Recall@1": 0.17299,
  "Recall@5": 0.34585,
  "Recall@10": 0.39224,
  "Recall@25": 0.45973,
  "Recall@50": 0.52202,
  "Recall@100": 0.56289,
  "P@1": 0.31443,
  "P@5": 0.14742,
  "P@10": 0.08196,
  "P@25": 0.03835,
  "P@50": 0.02144,
  "P@100": 0.01165,
  "MRR": 0.38051
}