{
  "NDCG@1": 0.28205,
  "NDCG@5": 0.34595,
  "NDCG@10": 0.38923,
  "NDCG@25": 0.42742,
  "NDCG@50": 0.4549,
  "NDCG@100": 0.46954,
  "MAP@1": 0.1255,
  "MAP@5": 0.26905,
  "MAP@10": 0.30143,
  "MAP@25": 0.32283,
  "MAP@50": 0.33232,
  "MAP@100": 0.33645,
  "Recall@1": 0.1255,
  "Recall@5": 0.37792,
  "Recall@10": 0.48718,
  "Recall@25": 0.59871,
  "Recall@50": 0.69665,
  "Recall@100": 0.75074,
  "P@1": 0.28205,
  "P@5": 0.20171,
  "P@10": 0.14615,
  "P@25": 0.08444,
  "P@50": 0.05368,
  "P@100": 0.0312,
  "MRR": 0.42111
}