{
  "NDCG@1": 0.22772,
  "NDCG@5": 0.27042,
  "NDCG@10": 0.29571,
  "NDCG@25": 0.31523,
  "NDCG@50": 0.33504,
  "NDCG@100": 0.35088,
  "MAP@1": 0.10047,
  "MAP@5": 0.18693,
  "MAP@10": 0.20874,
  "MAP@25": 0.22441,
  "MAP@50": 0.22963,
  "MAP@100": 0.23202,
  "Recall@1": 0.10047,
  "Recall@5": 0.26658,
  "Recall@10": 0.36467,
  "Recall@25": 0.43766,
  "Recall@50": 0.50442,
  "Recall@100": 0.56965,
  "P@1": 0.22772,
  "P@5": 0.15644,
  "P@10": 0.11485,
  "P@25": 0.06535,
  "P@50": 0.0402,
  "P@100": 0.02347,
  "MRR": 0.34569
}