{
  "NDCG@1": 0.27184,
  "NDCG@5": 0.31763,
  "NDCG@10": 0.32988,
  "NDCG@25": 0.36497,
  "NDCG@50": 0.39597,
  "NDCG@100": 0.4044,
  "MAP@1": 0.11764,
  "MAP@5": 0.21061,
  "MAP@10": 0.23187,
  "MAP@25": 0.25743,
  "MAP@50": 0.27159,
  "MAP@100": 0.27603,
  "Recall@1": 0.11764,
  "Recall@5": 0.29841,
  "Recall@10": 0.36451,
  "Recall@25": 0.49746,
  "Recall@50": 0.61853,
  "Recall@100": 0.64683,
  "P@1": 0.27184,
  "P@5": 0.18835,
  "P@10": 0.14466,
  "P@25": 0.10019,
  "P@50": 0.07029,
  "P@100": 0.04,
  "MRR": 0.37094
}