{
  "NDCG@1": 0.35211,
  "NDCG@5": 0.30002,
  "NDCG@10": 0.33452,
  "NDCG@25": 0.3509,
  "NDCG@50": 0.37231,
  "NDCG@100": 0.38434,
  "MAP@1": 0.20657,
  "MAP@5": 0.25974,
  "MAP@10": 0.27698,
  "MAP@25": 0.28116,
  "MAP@50": 0.28506,
  "MAP@100": 0.28663,
  "Recall@1": 0.20657,
  "Recall@5": 0.31162,
  "Recall@10": 0.40364,
  "Recall@25": 0.46056,
  "Recall@50": 0.55446,
  "Recall@100": 0.6142,
  "P@1": 0.35211,
  "P@5": 0.11972,
  "P@10": 0.07606,
  "P@25": 0.03465,
  "P@50": 0.02085,
  "P@100": 0.01176,
  "MRR": 0.40024
}