{
  "NDCG@1": 0.12613,
  "NDCG@5": 0.10319,
  "NDCG@10": 0.10821,
  "NDCG@25": 0.14513,
  "NDCG@50": 0.17099,
  "NDCG@100": 0.19911,
  "MAP@1": 0.02579,
  "MAP@5": 0.0539,
  "MAP@10": 0.06185,
  "MAP@25": 0.07359,
  "MAP@50": 0.08042,
  "MAP@100": 0.08446,
  "Recall@1": 0.02579,
  "Recall@5": 0.08349,
  "Recall@10": 0.11846,
  "Recall@25": 0.22115,
  "Recall@50": 0.30529,
  "Recall@100": 0.40841,
  "P@1": 0.12613,
  "P@5": 0.08108,
  "P@10": 0.05856,
  "P@25": 0.04,
  "P@50": 0.02757,
  "P@100": 0.0191,
  "MRR": 0.20064
}