{
  "NDCG@1": 0.28155,
  "NDCG@5": 0.29996,
  "NDCG@10": 0.3161,
  "NDCG@25": 0.35271,
  "NDCG@50": 0.3776,
  "NDCG@100": 0.38669,
  "MAP@1": 0.12618,
  "MAP@5": 0.20509,
  "MAP@10": 0.226,
  "MAP@25": 0.2503,
  "MAP@50": 0.2627,
  "MAP@100": 0.26574,
  "Recall@1": 0.12618,
  "Recall@5": 0.26872,
  "Recall@10": 0.33364,
  "Recall@25": 0.47143,
  "Recall@50": 0.57295,
  "Recall@100": 0.60997,
  "P@1": 0.28155,
  "P@5": 0.17282,
  "P@10": 0.13689,
  "P@25": 0.09709,
  "P@50": 0.06505,
  "P@100": 0.03583,
  "MRR": 0.37241
}