{
  "NDCG@1": 0.64655,
  "NDCG@5": 0.5966,
  "NDCG@10": 0.60228,
  "NDCG@25": 0.62698,
  "NDCG@50": 0.6496,
  "NDCG@100": 0.66595,
  "MAP@1": 0.2673,
  "MAP@5": 0.4491,
  "MAP@10": 0.48799,
  "MAP@25": 0.51179,
  "MAP@50": 0.51936,
  "MAP@100": 0.5236,
  "Recall@1": 0.2673,
  "Recall@5": 0.52322,
  "Recall@10": 0.60731,
  "Recall@25": 0.70462,
  "Recall@50": 0.77048,
  "Recall@100": 0.82247,
  "P@1": 0.64655,
  "P@5": 0.36034,
  "P@10": 0.2319,
  "P@25": 0.11655,
  "P@50": 0.06707,
  "P@100": 0.03759,
  "MRR": 0.73919
}