{
  "NDCG@1": 0.48684,
  "NDCG@5": 0.47706,
  "NDCG@10": 0.50207,
  "NDCG@25": 0.52991,
  "NDCG@50": 0.5463,
  "NDCG@100": 0.5497,
  "MAP@1": 0.29355,
  "MAP@5": 0.42684,
  "MAP@10": 0.4416,
  "MAP@25": 0.45101,
  "MAP@50": 0.45414,
  "MAP@100": 0.45457,
  "Recall@1": 0.29355,
  "Recall@5": 0.50345,
  "Recall@10": 0.56892,
  "Recall@25": 0.66322,
  "Recall@50": 0.73449,
  "Recall@100": 0.74984,
  "P@1": 0.48684,
  "P@5": 0.18158,
  "P@10": 0.10658,
  "P@25": 0.05,
  "P@50": 0.02763,
  "P@100": 0.01421,
  "MRR": 0.55835
}