{
  "NDCG@1": 0.26852,
  "NDCG@5": 0.32439,
  "NDCG@10": 0.36406,
  "NDCG@25": 0.40849,
  "NDCG@50": 0.43081,
  "NDCG@100": 0.44318,
  "MAP@1": 0.12328,
  "MAP@5": 0.22278,
  "MAP@10": 0.26353,
  "MAP@25": 0.28931,
  "MAP@50": 0.2958,
  "MAP@100": 0.29902,
  "Recall@1": 0.12328,
  "Recall@5": 0.33298,
  "Recall@10": 0.47355,
  "Recall@25": 0.61456,
  "Recall@50": 0.68359,
  "Recall@100": 0.72504,
  "P@1": 0.26852,
  "P@5": 0.20741,
  "P@10": 0.16019,
  "P@25": 0.09481,
  "P@50": 0.05778,
  "P@100": 0.03259,
  "MRR": 0.39913
}