{
  "NDCG@1": 0.14414,
  "NDCG@5": 0.09304,
  "NDCG@10": 0.09952,
  "NDCG@25": 0.12676,
  "NDCG@50": 0.14729,
  "NDCG@100": 0.17082,
  "MAP@1": 0.03051,
  "MAP@5": 0.04909,
  "MAP@10": 0.05654,
  "MAP@25": 0.06531,
  "MAP@50": 0.07018,
  "MAP@100": 0.073,
  "Recall@1": 0.03051,
  "Recall@5": 0.06987,
  "Recall@10": 0.10682,
  "Recall@25": 0.17712,
  "Recall@50": 0.24523,
  "Recall@100": 0.34036,
  "P@1": 0.14414,
  "P@5": 0.06667,
  "P@10": 0.04865,
  "P@25": 0.03279,
  "P@50": 0.02234,
  "P@100": 0.01514,
  "MRR": 0.1997
}