{
  "NDCG@1": 0.31624,
  "NDCG@5": 0.35397,
  "NDCG@10": 0.38991,
  "NDCG@25": 0.43315,
  "NDCG@50": 0.4587,
  "NDCG@100": 0.48037,
  "MAP@1": 0.1323,
  "MAP@5": 0.27527,
  "MAP@10": 0.30545,
  "MAP@25": 0.32843,
  "MAP@50": 0.33848,
  "MAP@100": 0.34416,
  "Recall@1": 0.1323,
  "Recall@5": 0.37466,
  "Recall@10": 0.4812,
  "Recall@25": 0.60342,
  "Recall@50": 0.69369,
  "Recall@100": 0.77673,
  "P@1": 0.31624,
  "P@5": 0.20684,
  "P@10": 0.14359,
  "P@25": 0.0865,
  "P@50": 0.05436,
  "P@100": 0.03282,
  "MRR": 0.43872
}