{
  "NDCG@1": 0.29897,
  "NDCG@5": 0.29874,
  "NDCG@10": 0.3254,
  "NDCG@25": 0.34131,
  "NDCG@50": 0.35777,
  "NDCG@100": 0.37044,
  "MAP@1": 0.16783,
  "MAP@5": 0.26568,
  "MAP@10": 0.28141,
  "MAP@25": 0.28642,
  "MAP@50": 0.28909,
  "MAP@100": 0.29035,
  "Recall@1": 0.16783,
  "Recall@5": 0.31333,
  "Recall@10": 0.38223,
  "Recall@25": 0.43855,
  "Recall@50": 0.51291,
  "Recall@100": 0.57703,
  "P@1": 0.29897,
  "P@5": 0.13505,
  "P@10": 0.08093,
  "P@25": 0.03649,
  "P@50": 0.02103,
  "P@100": 0.01196,
  "MRR": 0.35767
}